event_id,event_name,event_type,score,predicted_turnout,assigned_volunteers,actual_participants,injuries
1,Cultural Event 1,Tech,3.8,44,"[21, 18, 191]","[77, 61, 115, 146, 49, 20, 107, 5, 149, 45, 196, 55, 47, 111, 16, 181, 93, 153, 164, 132, 18, 163, 44, 27]",0
3,Music Event 3,Music,2.0999999999999996,29,"[6, 22, 18]","[6, 102, 80, 67, 188, 28, 122, 87, 159, 138, 23, 40]",0
18,Cultural Event 18,Cultural,2.3999999999999995,38,"[22, 18, 135]","[23, 122, 33, 43, 107, 28, 76, 192, 34, 50, 136, 114, 200, 80, 2, 11, 186, 41, 129, 184, 138, 65, 3, 170, 71]",1
26,Tech Event 26,Tech,2.3999999999999995,43,"[18, 21, 22]","[35, 83, 34, 6, 184, 85, 152, 141, 167, 68, 56, 140, 97]",1
44,Art Event 44,Music,2.0999999999999996,45,"[6, 22, 18]","[100, 39, 70, 144]",1
