event_id,event_name,event_type,score,predicted_turnout,assigned_volunteers,actual_participants,injuries
1,Cultural Event 1,Tech,3.8,44,"[21, 18, 191]","[36, 146, 137, 135, 50, 109, 159, 59, 164, 29, 57, 181]",0
3,Music Event 3,Music,2.0999999999999996,29,"[6, 22, 18]",[70],0
18,Cultural Event 18,Cultural,2.3999999999999995,38,"[22, 18, 135]","[135, 16, 57, 173, 70, 30, 127, 58, 110, 71, 39, 76, 104, 85, 60, 10, 159, 178, 81, 128, 51, 42, 83]",0
26,Tech Event 26,Tech,2.3999999999999995,43,"[18, 21, 22]","[183, 105, 138, 40, 79, 72, 113, 43, 74, 36, 77, 153, 186, 30, 52, 130, 22, 71, 73, 92]",2
44,Art Event 44,Music,2.0999999999999996,45,"[6, 22, 18]","[137, 105, 5, 169, 59, 32, 88, 127, 149, 20, 49, 56, 154, 134, 37, 15, 150, 190, 141, 40, 197, 113, 184, 67, 118, 29, 162, 160, 177, 66, 153]",1
